{"assets/fonts/Saira-Black.ttf":["assets/fonts/Saira-Black.ttf"],"assets/fonts/Saira-BlackItalic.ttf":["assets/fonts/Saira-BlackItalic.ttf"],"assets/fonts/Saira-Bold.ttf":["assets/fonts/Saira-Bold.ttf"],"assets/fonts/Saira-BoldItalic.ttf":["assets/fonts/Saira-BoldItalic.ttf"],"assets/fonts/Saira-ExtraBold.ttf":["assets/fonts/Saira-ExtraBold.ttf"],"assets/fonts/Saira-ExtraBoldItalic.ttf":["assets/fonts/Saira-ExtraBoldItalic.ttf"],"assets/fonts/Saira-ExtraLight.ttf":["assets/fonts/Saira-ExtraLight.ttf"],"assets/fonts/Saira-ExtraLightItalic.ttf":["assets/fonts/Saira-ExtraLightItalic.ttf"],"assets/fonts/Saira-Italic.ttf":["assets/fonts/Saira-Italic.ttf"],"assets/fonts/Saira-Light.ttf":["assets/fonts/Saira-Light.ttf"],"assets/fonts/Saira-LightItalic.ttf":["assets/fonts/Saira-LightItalic.ttf"],"assets/fonts/Saira-Medium.ttf":["assets/fonts/Saira-Medium.ttf"],"assets/fonts/Saira-MediumItalic.ttf":["assets/fonts/Saira-MediumItalic.ttf"],"assets/fonts/Saira-Regular.ttf":["assets/fonts/Saira-Regular.ttf"],"assets/fonts/Saira-SemiBold.ttf":["assets/fonts/Saira-SemiBold.ttf"],"assets/fonts/Saira-SemiBoldItalic.ttf":["assets/fonts/Saira-SemiBoldItalic.ttf"],"assets/fonts/Saira-Thin.ttf":["assets/fonts/Saira-Thin.ttf"],"assets/fonts/Saira-ThinItalic.ttf":["assets/fonts/Saira-ThinItalic.ttf"],"assets/icon/app_icon.ico":["assets/icon/app_icon.ico"],"assets/icon/icon.png":["assets/icon/icon.png"],"packages/qweather_icons/assets/fonts/QWeather_Icon.ttf":["packages/qweather_icons/assets/fonts/QWeather_Icon.ttf"],"packages/unicons/icons/UniconsLine.ttf":["packages/unicons/icons/UniconsLine.ttf"],"packages/unicons/icons/UniconsSolid.ttf":["packages/unicons/icons/UniconsSolid.ttf"],"packages/unicons/icons/UniconsThinline.ttf":["packages/unicons/icons/UniconsThinline.ttf"],"packages/window_manager/images/ic_chrome_close.png":["packages/window_manager/images/ic_chrome_close.png"],"packages/window_manager/images/ic_chrome_maximize.png":["packages/window_manager/images/ic_chrome_maximize.png"],"packages/window_manager/images/ic_chrome_minimize.png":["packages/window_manager/images/ic_chrome_minimize.png"],"packages/window_manager/images/ic_chrome_unmaximize.png":["packages/window_manager/images/ic_chrome_unmaximize.png"]}